
INSERT INTO Rubrique(nom_rub, id_rub_1) VALUES 
('Guitares', NULL),
('Batteries',NULL),
('Pianos',NULL),
('Instruments à vent',NULL),
('Instruments Traditionnels', NULL),
('Sonorisation', NULL),
('Lumière',NULL),
('Accessoires',NULL),
('Guitares Electriques',1),
('Guitares Classiques',1),
('Guitares de Voyage',1),
('Batteries Acoustiques',2),
('Batteries Electroniques',2),
('Pianos Droits',3),
('Pianos à Queue',3),
('Pianos Numériques',3),
('Saxophone',4),
('Trompettes',4),
('Ocarinas',4),
('Flûtes',4),
('Accordéons',5),
('Folklore',5),
('Cordes Frottées',5),
('Enceintes',6),
('Microphones',6),
('Tables de mixage',6),
('Projecteurs',7),
('Stroboscope',7),
('Lasers',7),
('Suports',8),
('Sièges',8),
('Casques audio',8);

INSERT INTO Client(cat_cli,adr_liv_cli,adr_fac_cli,mod_pai_cli,red_cli,coe_cli,num_sir_cli,nom_cli,pre_cli,nom_ent_cli) VALUES 
('Particulier','39193 Lulu Way Apt. 696 - Baton Rouge, NE / 80287','39193 Lulu Way Apt. 696 - Baton Rouge, NE / 80287','CB',NULL,0,NULL,'Bazinet','Jules', NULL),
('Particulier','4968 Marie Street Baltimore, MD 21217','4968 Marie Street Baltimore, MD 21217','CB',NULL,1.05,NULL,'Bureau','Ray', NULL),
('Particulier','3083 Norma Lane Monroe, LA 71201','3083 Norma Lane Monroe, LA 71201','CB',NULL,1.1,NULL,'Meilleur','Parnella', NULL),
('Professionnel','1292 Waterview Lane Las Cruces, NM 88005','2212 Neville Street Terre Haute, IN 47802','Virement/Chèque',NULL,1.15,12345678912345,'Bouchard','Percy', 'Album ETC'),
('Professionnel','1728 Meadowview Drive Dayton, VA 22821','1728 Meadowview Drive Dayton, VA 22821','Virement/Chèque',NULL,1.1,98765432109876,'Faure','Eustache', 'Fantômes Jazzy'),
('Professionnel','3570 County Line Road Tampa, FL 33602','2511 Mount Olive Road Gainesville, GA 30501','Virement/Chèque',1.05,1.09,36925814701234,'Flamand','William', 'Mane 5');


INSERT INTO Commercial (nom_com,pre_com,adr_com,ema_com,tel_com) VALUES 
('Desnoyer','Gemma','1331 Central Avenue Teterboro, NJ 07608','GemmaDesnoyer@teleworm.us','201-344-4226'),
('Labrecque','Emilie','3678 Winifred Way Greencastle, IN 46135','EmilieLabrecque@jourrapide.com','765-658-3252'),
('Guimond','Arber','2584 Badger Pond Lane Tampa, FL 33637','ArberGuimond@teleworm.us','727-249-5016');

INSERT INTO ClientCommercial(id_cli,id_com) VALUES
(1,1),
(2,2),
(3,2),
(4,3),
(5,3),
(6,3);

INSERT INTO Fournisseur(nom_fou,adr_fou,ema_fou,tel_fou) VALUES
('Musique', '1572 Trymore Road Bricelyn, MN 56014', 'Musique@rhyta.com', '920-313-5594'),
('Comme aux Musiques', '885 Hillcrest Avenue Little Rock, AR 72002', 'Commeauxmusiques@armyspy.com', '401-398-0267'),
('Musique Percussion', '1546 Cherry Camp Road Newark, NJ 07102', 'Musiqueperussion@jourrapide.com', '704-903-2431'),
('Vivre Art Loux', '1723 Stoneybrook Road Hickory Hills, IL 60457', 'Vivreartloux@armyspy.com', '916-235-8206'),
('Le Musique en ville', '46 Linden Avenue Waukesha, WI 53188', 'Lemusiqueenville@jourrapide.com', '217-650-2213');

INSERT INTO Produit(lib_cou_pro, lib_lon_pro, ref_fou_pro, pho_pro, pri_ach_pro, pri_ht_pro, ctg_pro, id_rub, id_liv, id_fou)VALUES
('TBPro','the box pro','Musique Percussion','TBPro.jpg',58,45,'Enceintes',24,NULL,3),
('HKA', 'HK Audio', 'Vivre Art Loux', 'HKA.jpg', 419,400,'Enceintes',24,NULL,4),
('FBTHX', 'FBT HIMaxX60', 'Musique', 'FBTHX.jpg',799, 750, 'Enceintes', 24, NULL, 1 ),
('SM58', 'Shure', 'Comme aux Musiques', 'SM58.jpg', 98, 90, 'Microphones', 25, NULL , 2),
('TTBone', 'the t.bone', 'Le Musique en ville', 'TTBone.jpg', 39, 20, 'Microphones', 25, NULL, 5),
('E835S', 'Senheiser', 'Musique Percussion', 'E835S.jpg', 88, 60, 'Microphones', 25, NULL, 3),
('X2222USB', 'Behringer Xenyx', 'Comme aux Musiques', 'X2222USB.jpg', 269, 250, 'Tables de Mixage', 26, NULL, 2),
('TTMix', 'the t.mix xmix', 'Vivre Art Loux', 'TTMix.jpg', 118, 105, 'Tables de mixage', 26, NULL, 4),
('12MTK', 'Soundcraft Signature', 'Musique', '12MTK.jpg', 444, 400, 'Tables de mixage', 26, NULL, 1),
('FR4XBK', 'Roland', 'Vivre Art Loux', 'FR4XBK.jpg', 3459, 3300, 'Accordéons', 21, NULL, 4 ),
('MKII', 'Startone Piano Accordion','Musique', 'MKII.jpg', 529, 475, 'Accordéons', 21, NULL,1),
('SAPHIR', 'Weltmeister', 'Musique Percussion', 'SAPHIR.jpg', 3899, 3500, 'Accordéons', 21, NULL, 3),
('SALDEL', 'Salvi', 'Comme aux Musiques', 'SALDEL.jpg', 4290, 4000, 'Folklore', 22, NULL, 2),
('SQB', 'Thomann SQB', 'Le Musique en ville', 'SQB.jpg', 498,460, 'Folklore', 22, NULL, 5),
('MLL', 'Auris My Little Lyre', 'Musique', 'MLL.jpg', 145,120, 'Folklore', 22 , NULL, 1),
('111VN', 'Thomann Double Bass', 'Vivre Art Loux', '111VN.jpg', 749, 725, 'Cordes Frottées', 23, NULL,4),
('DDB', 'Duke Didi Beck', 'Musique Percussion', 'DDB.jpg', 2799, 2650, 'Cordes Frottées', 23, NULL,3),
('BKRD', 'Thomann Rockabilly Psycho', 'Comme Aux Musiques', 'BKRD.jpg', 1090, 1000, 'Cordes Frottées', 23, NULL,2),
('20HSS', 'Harley Benton', 'Musique', '20HSS.jpg', 109, 95, 'Guitares Electriques', 9, NULL, 1),
('EBBK', 'Fender Jim Root', 'Vivre Art Loux', 'EBBK.jpg', 1859,1800 ,'Guitares Electriques', 9 , NULL, 4),
('MH10', 'ESP LTD', 'Comme aux Musiques', 'MH10.jpg', 239, 220, 'Guitares Electriques', 9, NULL,2),
('GL2NT', 'Harley Benton Guitarlele', 'Le Musique en ville', 'GL2NT.jpg', 59, 50, 'Guitares Classiques', 10, NULL, 5),
('CG851', 'Startone Pink', 'Comme aux Musiques', 'CG851.jpg', 38, 34, 'Guitares Classiques', 10, NULL, 2),
('GL1', 'Yamaha', 'Vivre Art Loux', 'GL1.jpg', 85, 78, 'Guitares Classiques', 10 , NULL, 4),
('BT2E', 'Taylor Baby Mahogany', 'Musique Percussion', 'BT2E.jpg', 499, 450, 'Guitares de Voyage', 11, NULL,3),
('LJ10', 'Furch', 'Musique', 'LJ10.jpg',1199, 1180, 'Guitares de Voyage', 11, NULL, 1),
('ME2BK', 'Lava Music', 'Comme aux Musiques', 'ME2BK.jpg',599, 575, 'Guitares de Voyages', 11, NULL,2),
('Yab1', 'Yamaha b1 PE', 'Musique', 'Yamaha b1 PE.jpg', 3690, 3075, 'Pianos Droits', 14, NULL, 1),
('Yab3', 'Yamaha b3 PE', 'Musique', 'Yamaha b3 PE.jgp', 5790, 4825, 'Pianos Droits', 14, NULL, 1),
('Kak15', 'Kawai K15 E EP', 'Musique', 'Kawai K15 E EP.jpg', 3990, 3325, 'Pianos Droits', 14, NULL, 1),
('KaGL10', 'Kawai GL 10 EP', 'Comme aux Musiques', 'Kawai GL 10 EP.jpg', 10890, 9075, 'Pianos à Queue', 15, NULL, 2),
('YaC3', 'Yamaha C3X PE', 'Comme aux Musiques', 'Yamaha C3X PE.jpg', 29990, 24990, 'Pianos à Queue', 15, NULL, 2),
('SeB211', 'Steinway & Sons B221', 'Comme aux Musiques', 'Steinway & Sons B221.jpg', 53300, 44416, 'Pianos à Queue', 15, NULL, 2),
('ThDP95', 'Thomann DP95', 'Musique Percussion', 'Thomann DP95.jpg', 579, 4825, 'Pianos Numériques', 16, NULL, 3),
('HeDP501', 'Hemingway DP501', 'Musiques Percussion', 'Hemingway DP501.jpg', 511, 425, 'Pianos Numériques', 16, NULL, 3),
('KaCN29', 'Kawai CN29', 'Musiques Percussion', 'Kawai CN29.png', 1359, 1132, 'Pianos Numériques', 16, NULL, 3),
('YaYAS280', 'Yamaha YAS280', 'Vivre Art Loux', 'Yamaha YAS280.jpg', 990, 825, 'Saxophone', 17, NULL, 4),
('ThTAS180', 'Thomann TAS180', 'Vivre Art Loux', 'Thomann TAS180.jpg', 298, 248, 'Saxophone', 17, NULL, 4),
('StSAS75', 'Startone SAS75', 'Vivre Art Loux', 'Startone SAS75.jpg', 269, 224, 'Saxophone', 17, NULL, 4),
('ThTR5BB', 'Thomann TR5BB', 'Le Musique en ville', 'Thomann TR5BB.jpg', 129, 107.5, 'Trompettes', 18, NULL, 5),
('ThTR200', 'Thomann TR200BB', 'Le Musique en ville', 'Thomman TR200BB.jpg', 159, 132.5, 'Trompettes', 18, NULL, 5),
('BaTR450', 'Bach TR450S', 'Le Musique en ville', 'Bach TR450S.jpg', 769, 640, 'Trompettes', 18, NULL, 5),
('Th12H', 'Thomann 12H', 'Musique', 'Thomman 12H.jpg', 19.90, 16.50, 'Ocarinas', 19, NULL, 1),
('ThAC', 'Thomann ACStein', 'Musique', 'Thomann ACStein.jpg', 99, 82.5, 'Ocarinas', 19, NULL, 1),
('ThZFAN', 'Thomann Zfan', 'Musique', 'Thomann Zfan.jpg', 55, 45.80, 'Ocarinas', 19, NULL, 1),
('ThFL200', 'Thomann FL200', 'Musique', 'Thomann FL200.jpg', 159, 132.50, 'Flûtes', 20, NULL, 1),
('MuEX', 'Muramatsu EX', 'Musique', 'Muramatsu EX.jpg', 3999, 3333, 'Flûtes', 20, NULL, 1),
('PePF505', 'Pearl PF505', 'Musique', 'Pearl PF505.jpg', 555, 462, 'Flûtes', 20, NULL, 1),
('ETC S4 PAR EA','ETC S4 PAR EA','Musique','ETC.jpg',256.8,150,'Projecteur',27,NULL,1),
('Eurolite LED SL-400','Eurolite LED SL-400 DMX Search Light','Musique','Eurolite.jpg',1500,1200,'Projecteur',27,NULL,1),
('Cameo Matrix 10W','Cameo Matrix Panel 10 W RGB','Musique','Cameo.jpg',431.2,400,'Projecteur',27,NULL,1),
('Stairville 132 LED RGB','Stairville Wild Wash 132 LED RGB','Musique','Stairville.jpg',63.2,50,'Stroboscopes',28,NULL,1),
('Martin Atomic','Martin Atomic 3000 LED','Musique','Martin.jpg',2318.4,1900,'Stroboscopes',28,NULL,1),
('Varytec Colors','Varytec Colors SonicStrobe','Musique','Varytec.jpg',141.6,100, 'Stroboscopes',28,NULL,1),
('Laserworld DS-1000RGB','Laserworld DS-1000RGB MK3','Musique','Laserworld.jpg',596,500,'Lasers',29,NULL,1),
('ADj Stinger','ADJ Stinger II','Musique','ADj.jpg',172,150,'Lasers',29,NULL,1),
('Laserworld PL','Laserworld PL-5000RGB MK2','Vivre Art Loux','Laserworld1.jpg',2199.2,1900,'Lasers',29,NULL,4),
('Gravity LTS', 'Gravity LTS 01 B Set','Vivre Art Loux','Gravity.jpg',61.6,40,'Supports',30,NULL,4),
('Roadworx Electric','Roadworx Multi Electric Stand','Vivre Art Loux','Roadworx.jpg',231.2,200,'Supports',30,NULL,4),
('Standback','Standback Ampstand','Musique','Standback.jpg',23.2,15,'Supports',30,NULL,1),
('Millenium MDT5S-Pro','Millenium MDT5S-Pro Drum Throne Saddle','Musique Percussion','Millenium.jpg',55.2,50,'Sièges',31,NULL,3),
('Mapex MXT765ASER ','Mapex MXT765ASER Drum Stool','Musique Percussion','Mapex.jpg',127.2,100,'Sièges',31,NULL,3),
('DW 9120AL','DW 9120AL Drum Stool','Musique Percussion','DW.jpg',255.2,200,'Sièges',31,NULL,3),
('Boss Guitar Headphones','Boss Waza Air Guitar Headphones','Vivre Art Loux','Boss.jpg',303.2,250,'Casque audio',32,NULL,3),
('Metrophones MPD-G','Metrophones MPD-G Headphones LCD Metronom','Musique Percussion','Metrophones.jpg',168.8,120,'Casque audio',32,NULL,3),
('Superlux HD-681','Superlux HD-681','Le musique en ville','Superlux.jpg',18.08,10,'Casque audio',32,NULL,5),
('Pearl EXX725SBR/C','Pearl EXX725SBR/C Export Aztec Gold','Musique Percussion','Pearl.jpg',599.2,450,'Batteries Acoustiques',12,NULL,3),
('Tama Star Bubinga','Tama STAR Drum Bubinga White Ebony','Musique Percussion','Tama.jpg',7199.2,6000,'Batteries Acoustiques',12,NULL,3),
('Sonor AQX Jungle','Sonor AQX Jungle Set BOS','La musique en ville','Sonor.jpg',350,299.2,'Batteries Acoustiques',12,NULL,5),
('Roland VAD706-GC Bundle','Roland VAD706-GC E-Drum Set Bundle','Comme aux Musiques','Roland.jpg',6872,6000,'Batteries Eletroniques',13,NULL,2),
('Alesis Strike Pro','Alesis Strike Pro Special Edition','Musique Percussion','Alesis.jpg',1887.2,1500,'Batteries Electroniques',13,NULL,3),
('Millenium E-Drum Set','Millenium HD-120 E-Drum Set','Musique Percussion','Millenium1.jpg',158.4,100,'Batteries Electroniques', 13,NULL,3);

INSERT INTO Catalogue(id_cat,sto_cat,nvx_pro_cat,des_pro_cat,id_pro) VALUES 
(1,10,0,0,1),
(1,10,1,0,2),
(1,10,0,0,3),
(1,8,0,0,4),
(1,10,0,0,5),
(1,10,0,0,6),
(1,11,0,0,7),
(1,10,0,0,8),
(1,10,0,0,9),
(1,10,0,0,10),
(1,10,0,0,11),
(1,10,0,0,12),
(1,10,0,0,13),
(1,10,0,0,14),
(1,10,0,0,15),
(1,10,0,0,16),
(1,16,1,0,17),
(1,10,0,0,18),
(1,10,0,0,19),
(1,10,0,0,20),
(1,10,0,0,21),
(1,10,0,0,22),
(1,10,0,0,23),
(1,10,0,0,24),
(1,10,0,0,25),
(1,20,0,1,26),
(1,10,0,0,27),
(1,10,0,0,28),
(1,10,0,0,29),
(1,10,0,0,30),
(1,10,0,0,31),
(1,10,0,0,32),
(1,6,1,0,33),
(1,10,0,0,34),
(1,33,0,0,35),
(1,10,0,0,36),
(1,10,0,0,37),
(1,10,0,0,38),
(1,10,0,0,39),
(1,3,1,0,40),
(1,10,0,0,41),
(1,10,0,0,42),
(1,10,0,0,43),
(1,12,1,0,44),
(1,10,0,0,45),
(1,3,0,0,46),
(1,10,0,0,47),
(1,10,0,0,48),
(1,10,0,0,49),
(1,0,0,0,50),
(1,10,0,0,51),
(1,11,0,0,52),
(1,10,0,0,53),
(1,10,0,0,54),
(1,30,0,0,55),
(1,10,0,0,56),
(1,10,0,0,57),
(1,10,0,0,58),
(1,19,0,0,59),
(1,10,0,0,60),
(1,10,0,0,61),
(1,10,0,0,62),
(1,10,0,0,63),
(1,12,1,0,64),
(1,10,0,0,65),
(1,10,0,0,66),
(1,10,0,0,67),
(1,10,0,0,68),
(1,10,0,0,69),
(1,5,0,0,70),
(1,10,0,0,71),
(1,10,0,1,72);

INSERT INTO Commande(dat_cmd,adr_liv_cmd,adr_fac_cmd,tot_cmd,id_cli) VALUE
(NOW(), '39193 Lulu Way Apt. 696 - Baton Rouge, NE / 80287', '39193 Lulu Way Apt. 696 - Baton Rouge, NE / 80287', NULL, 1),
(NOW(), '1292 Waterview Lane Las Cruces, NM 88005', '2212 Neville Street Terre Haute, IN 47802, NE / 80287', NULL, 4),
(NOW(), '3083 Norma Lane Monroe, LA 71201', '3083 Norma Lane Monroe, LA 71201', NULL,3),
(NOW(), '4968 Marie Street Baltimore, MD 21217', '4968 Marie Street Baltimore, MD 21217', NULL,2),
('2022-04-03', '3570 County Line Road Tampa, FL 33602', '2511 Mount Olive Road Gainesville, GA 30501', NULL,6),
('2022-04-03', '1728 Meadowview Drive Dayton, VA 22821', '1728 Meadowview Drive Dayton, VA 22821', NULL,5);

INSERT INTO DetailsCommande(id_pro,id_cmd,qte_art,pri_ven,pri_ht,tva_pro) VALUES
(4,4,8,98,90,8),
(3,4,6,799,750,49),
(8,4,2,444,400,44),
(71,1,1,1887.2,1500,387.2),
(63,1,3,255.3,200,55.3),
(61,3,1,55.2,50,5.2),
(53,3,3,2318.4,1900,418.4),
(29,3,2,5790,4825,965),
(24,6,9,58,78,8),
(39,6,2,269,224,45),
(60,6,1,23.2,15,8.2),
(2,2,2,419,400,19),
(12,2,3,4290,4000,290),
(50,2,1,1500,1200,300),
(48,5,1,555,462,93),
(19,5,2,109,95,14),
(31,5,3,10890,9075,1815);

INSERT INTO Livraison (qte_pro_liv, dat_liv, id_cmd, adr_liv) VALUES
(4,NOW(),1,'39193 Lulu Way Apt. 696 - Baton Rouge, NE / 80287'),
(6,NOW(),2,'1292 Waterview Lane Las Cruces, NM 88005'),
(6,NOW(),3,'3083 Norma Lane Monroe, LA 71201'),
(16,NOW(),4,'4968 Marie Street Baltimore, MD 21217'),
(6,NOW(),5,'3570 County Line Road Tampa, FL 33602'),
(12,'2023-05-03',6,'1728 Meadowview Drive Dayton, VA 22821');

INSERT INTO Facture (dat_fac,id_cli,id_cmd, adr_fac) VALUES
(NOW(),1,1,'39193 Lulu Way Apt. 696 - Baton Rouge, NE / 80287'),
('2022-05-26',4,2,'2212 Neville Street Terre Haute, IN 47802'),
(NOW(),3,3,'3083 Norma Lane Monroe, LA 71201'),
(NOW(),2,4,'4968 Marie Street Baltimore, MD 21217'),
('2022-06-03',6,5,'2511 Mount Olive Road Gainesville, GA 30501'),
(NOW(),5,6,'1728 Meadowview Drive Dayton, VA 22821');